userName,score,at,content
Muhamad Uji,5,2025-12-06 14:49:57,sangat baik dan cepat penanganan nya
Vidiyaramadani Ramadani,5,2025-12-06 14:45:12,terimakasih
Sukamto Mahameru,5,2025-12-06 14:39:10,sudah bisa beli token sangat membantu
Hermi Oritjes Selan,5,2025-12-06 14:38:18,"Aplikasi PLN Mobile sangat bagus, belanja token sangat murah"
Wiwin Pristiana,5,2025-12-06 14:31:34,pengisian berfungsi dengan baik
Musdalipah,5,2025-12-06 14:30:50,"Listrik di kantor pernah mendadak mati. Setelah membuat laporan pengaduan di PLN Mobile, petugas dari PLN dengan segera menghubungi saya mengenai kejadian dan meminta share lokasi. Beberapa menit kemudian petugas dari PLN datang dan segera memperbaikinya tanpa biaya apapun. Terima kasih ğŸ™ŒğŸ™Œ"
ina Muthmainnah,5,2025-12-06 14:20:21,memudahkan transaksi. keren. semoga harga listrik gak naik
budi liwa,5,2025-12-06 14:20:04,makin mudah digunakan
Fikri Alifatkhur,1,2025-12-06 14:14:23,begini saya melaporkan bahwa saat saya melaporkan pemadam listrik disekitar rumah saya lingkungan saya sudah 3 kali ditolak dengan alasan tidak jelass.diaplikasi PLN mobile ini.pemadam listrik dari siang sampe malam tidak ada penanganan nya heran saya
Wulan Eka,5,2025-12-06 14:11:49,pelayanan sangat baik dan cepat. sesuai dengan prosedur
Diah septiani Nurbaya,5,2025-12-06 14:11:32,terimakasih
robet rivai,5,2025-12-06 14:04:48,"Thanks PLN Mobile memberikan kemudahan dalam mengisi token, perubahan daya, pasang baru, simulasi pasang baru, pengisian mobil listrik, migrasi paskabayar, dan history pemakaian kwh"
sepri yadi,5,2025-12-06 14:03:03,mantap pokok nya.. sekarang semenjak ada pln mobile pengaduan bisa lebih cepat di tangani...ğŸ‘ğŸ‘ğŸ‘ğŸ‘ğŸ‘
DORI FANALDO,5,2025-12-06 14:02:13,"Aku paling sering gunain fitur catat meternya, asli gampang banget, ga perlu kawatir lg masalah tagihan listrik tiap bulan"
Rahmi Jumiati,5,2025-12-06 13:57:12,Proses dan pelayanan PLN Meranti Selatpanjang sangat bagus dan cepat .Terimakasih ğŸ™
Andriy,1,2025-12-06 13:55:47,"keluhan gak ditanggapi, jadwal giliran padam tidak adil. aplikasi gak guna. gak ada manfaatnya sama sekali. sama aja min. mau di teruskan ke dirut PLN pun gak akan ada tindak lanjut. udah malam ke 4 padam. total udah lebih 60 jam padam. benar2 gak adil jadwal pemadaman bergilir nya. PLN memang gak pernah becus dalam menangani keluhan pelanggannya. kalo ada setengah bintang pun gak layak untuk di kasih rating"
Humaidi Bakrie,5,2025-12-06 13:50:52,"Di infokan oleh tetangga tentang aplikasi ini , sangat membantu . Fitur nya lumayan lengkap."
Rici Sugianto,5,2025-12-06 13:43:21,makasih pak PLN selalu mambantu
Raysani,5,2025-12-06 13:40:56,mudah banget isi token keren
Rayhana Azia,5,2025-12-06 13:38:08,gampang bayar tagihan listrik
Karina Rahmawati,5,2025-12-06 13:37:25,petugas dtg cepat dan terkonfirmasi
Dewa Perang,5,2025-12-06 13:34:35,aplikasi ini sangat membantu untuk berkomunikasi.transaksi dan melayani.terima kasih
Hermansyah Syah,5,2025-12-06 13:32:23,keren abiezzzzz...
Maria Berhandus,5,2025-12-06 13:29:55,cepat pelayanan
Htn Jibril,5,2025-12-06 13:22:27,cara cepat
Ronal Apriyandi,5,2025-12-06 13:21:17,pelayanan ya satset mantep sangat membantu terimakasih
senja23 lembayung,5,2025-12-06 13:20:56,cepat tanggap saat dibutuhkan bantuan kelistrikan
Ape,5,2025-12-06 13:20:07,Dengan adanya aplikasi mobile ini bisa mempermudah kami dalam pelaporan kendala kelistrikan di rumah kami sehingga penanggananya sangat cepat di respon dan juga fitur2 pembelian listrik mudah tersedia menunya terima kasih PLN mobile kami pelanganan setia sangat puas.
Ricky Jonatan,5,2025-12-06 13:18:09,PLN mantap petugas ramah dan cepat sigap
Ipan idr official,5,2025-12-06 13:15:52,aplikasi nya sangat membantu sekali
Andreas Coki,5,2025-12-06 13:13:45,pln sangat baik dalan proses pelanyanan
Eddy Suseno,5,2025-12-06 13:06:44,sangat mudah
Agus Muharno,5,2025-12-06 13:06:22,Saya senang dengan aplikasi ini
Altrida Bella,5,2025-12-06 13:06:04,terimakasih sangat membantu sekali
irwan aira putri,5,2025-12-06 13:01:16,pelayanan dan respon nya cepat. Terima kasih PLN dan tim perbaikan sukses dan sehat selalu. Mantab PLN
Natalia Indriyani Sianipar,5,2025-12-06 13:01:16,"pelayanan sangat cepat, petugas ramah. terima kasih"
Muh. Adrian Prama,5,2025-12-06 13:00:25,keragaman fitur pada aplikasi ini sangat membantu kami dalam masalah kelistrikan
Amy Fitria,5,2025-12-06 12:54:19,"aplikasi yang sangat membnatu, mudah bngettt. terus lah inovasi terbaik ya pln, keren kali loh.."
Ainun Adhika,5,2025-12-06 12:49:39,Sy sudah pernah menggunakan fitur home charging services dan responsnya sangat cepat
Ikrabul Watoni,5,2025-12-06 12:48:18,PLN terbain fastrespon dan memudahkan pelanggan
Arshaka Rafanza,5,2025-12-06 12:45:12,PLN mobile sangat keren dan membantu
Dwi Sigit Sutrisno,5,2025-12-06 12:41:44,Aplikasi yang sangat berguna dalam masalah kelistrikan. Apalagi dengan update terbaru semua semakin mudah dalam satu genggaman.
Queen Arra,5,2025-12-06 12:40:19,Penanganan cepat dan tanggap ğŸ‘ğŸ‘ğŸ‘
Yurna Liza,5,2025-12-06 12:39:36,terimakasih aplikasi pln mobile sangat akurat dan mudah di pelajari serta banyak fiturÂ² sprti pembelian token listrik juga penangan nya sangat cepat ketika kwh bermasalah terimakasih.
kusumawati purnomo,5,2025-12-06 12:36:10,pln mobile membantu dalam pembelian token dan pembayaran rekening
Suhadi Adi,5,2025-12-06 12:36:01,Segala mslh apapun di klistrikkan makin mudah ada penanganan nya semenjak ada Aplikasi PLN Mobile
fallentin rumaikewi,5,2025-12-06 12:35:50,"fitur - fitur yang selalu di terupdate sangat bagus, semuanya menjadi mudah"
asep Yun sujana,5,2025-12-06 12:33:25,pln mobile memang sangat membantu untuk keperluan kelistrikan
Awing 69,5,2025-12-06 12:28:07,pln mobile saat ini sudah baik.mudah mudahan kedepan nya lebih baik lagi...pln mobile ok.
Ika Rafikaa,5,2025-12-06 12:27:34,"Sangat Membantu dan Praktis! memudahkan dalam beli token, bayar tagihan, sampai cek riwayat penggunaan listrik semuanya bisa dilakukan dengan cepat. Tampilan aplikasinya juga mudah dipahamiğŸ‘ğŸ‘"
Hafiz Hafizan,5,2025-12-06 12:26:58,"terimakasih PLN mobile., aplikasinya sangat membantu., terimakasih Jabar caang., terimakasih ULP Rajapolah., listrikku sudah menyalağŸ™"
Wahyu Tumitah,5,2025-12-06 12:25:43,terimakasih pln sudah membantu .hujan2 dibelain buat ganti meteran
I Made Budiarta,5,2025-12-06 12:23:51,tolong ditambah petugas lapangan agar penanganan lebih cepat dan fast reaspond
Ija Pajairi,5,2025-12-06 12:18:15,sangat bermanfaat
Ragiling s.n,5,2025-12-06 12:17:32,"sangat mudah digunakan, selalu beli pulsa listrik dari aplikasi pln mobile. Mantapp ğŸ‘ğŸ‘"
Sadewa Sudirman,5,2025-12-06 12:14:57,sangat bermanfaat
Furqan Bulqini,5,2025-12-06 12:13:11,terbaik PLN
Inez Pricilla,2,2025-12-06 12:11:31,matinya 3hari idup cuma 23jam TOP perbatasan geceu Ajun Banda Aceh ğŸ’ªğŸ»
Hari Yanto,5,2025-12-06 12:09:25,baik
Denx Dan,5,2025-12-06 12:09:21,aplikasinya sangat membantu
furkon bulkini,5,2025-12-06 12:07:39,Kinerja & Transformasi Energi untuk Indonesia lebih Maju
Afriyandi aan,5,2025-12-06 12:06:19,sangat baik respon cepat
Rolita APl,5,2025-12-06 12:01:51,PLN Mantap
Edwin Giantara06,5,2025-12-06 12:00:46,"pln mobile, enak buat transaksi pembelian token dan lebih mudah"
Rangga Yudhistira,5,2025-12-06 12:00:11,"PLN mobile, buat transaksi pembelian token lebih mudah ğŸ‘Œ"
Latif.Pratama TE,5,2025-12-06 11:57:39,cepat respon dalam pelaporan pengaduan
Yemerson Oematan,5,2025-12-06 11:54:55,"Cara Simpel & Mudah dalam Genggaman Yang Membantu kita Pengaduan Gangguan, Pasang baru, Tambah daya dan masi banyak lagi ğŸ’¡ğŸ’¡ğŸ’¡ğŸš€ğŸš€"
Aurellia Saphira,5,2025-12-06 11:51:37,mantap
Nisa Nizan,5,2025-12-06 11:50:48,terima kasih PLN Rajapolah telah membantu proses masalah listrik .. ULP Rajapolah oke
Zainal Ubaidillah,5,2025-12-06 11:42:57,petugas ramah dan pelayanan cepat
Dhecaro Tika,5,2025-12-06 11:42:22,Dengan adanya aplikasi PLN dapat mempermuah melakukan laporan msalah listrik. petugas nya ramah dan respon nya cepat
Ru Lly,5,2025-12-06 11:40:11,aplikasi nya bagus respon nya cepet
Febrianti Tuzzahra Ramadhani,5,2025-12-06 11:25:43,mempermudah urusan kelistrikan. mantap
Amelia Syantik,5,2025-12-06 11:25:38,Dengan adanya Aplikasi PLN Mobile dapat mempermudah melakukan pengaduan masalah listrik
Ananda Alyn FR,5,2025-12-06 11:23:38,mantap
Dori Saputra,5,2025-12-06 11:18:33,"mempermudah pengaduan maslah listrik dan pembelian token,PLN terbaikğŸ‘ğŸ‘ğŸ‘"
Ahmad Toha,5,2025-12-06 11:16:13,pelayanan sangat cepat dan tepat
arni cinta,5,2025-12-06 11:12:42,terimakasih
Rahmat Fauzi,5,2025-12-06 11:11:57,"dengan PLN ada nya aplikasi PLN mobile, semua terasa lebih mudah ,baik untuk membeli token dan pengaduan masalah listrik, pokoknya PLN mobile mantap sukses selalu ğŸ‘ğŸ‘"
Andrean,5,2025-12-06 11:11:35,pelayanan cepat dan mudah direspon
Soklin Saputra,5,2025-12-06 11:08:04,"gerak cepat ,langsung selesai"
Octavia Redian,5,2025-12-06 11:07:57,mantaaap maen bola
Windi Anggita,5,2025-12-06 11:07:36,"cepat, tanpa ribet sat set"
Andy Syahputra,5,2025-12-06 10:57:46,sangat praktis dan proses cepat
Enab,5,2025-12-06 10:48:41,aplikasi PLN mobile sangat lah bagus nan bermanfaat
Sela Puspita,5,2025-12-06 10:48:29,"Aplikasi yang sangat membantu sekali,bisa untuk melihat tagihan bulan depan melalui swabcam ,bisa juga untuk bayar listrik bulanan ğŸ‘ğŸ»ğŸ‘ğŸ»"
Fayyad Hakim,5,2025-12-06 10:47:17,gampang digunakan
Bagus Indra Wijaya,5,2025-12-06 10:46:37,baik
Said Amir (Mimbaba),5,2025-12-06 10:46:19,Alhamdulillah petugas di lapangan sangat fast respon..kami di Kabupaten Sorong kecamatan aimas berterima ksh kepada petugas lapangannya..TOP lahğŸ‘ğŸ™ğŸ™ğŸ™
Cacaaa _Oktaviaa,5,2025-12-06 10:43:56,pln mantap
Gafit Z,5,2025-12-06 10:41:33,trima kasih
Urang Manggar,1,2025-12-06 10:41:11,"layanan PLN dilokasi saya sangat buruk, setiap hari selalu padam listrik dan sering sekali terjadi trouble, tolong di tindaklanjuti, lokasi PLN Tarempa, Kepulauan Anambas."
Dwi Haryanto,5,2025-12-06 10:39:13,PLN MOBILE.MUDAH BELI TOKEN PENGADIAN LISTRIK DLL
Umi Kawaka,5,2025-12-06 10:31:28,"Aplikasi PLN Mobile ini sangat mempermudah saya dalam segala urusan listrik. Mulai dari pembelian token, pembayaran tagihan, sampai lapor gangguan, semua bisa dilakukan dalam satu genggaman. Prosesnya cepat, user interface-nya juga mudah dipahami. Lima bintang untuk aplikasi yang super bermanfaat ini! Terima kasih PLN!"
Awwalia Nur Khasanah,5,2025-12-06 10:27:59,Pelayanan bagus
Muhammad Syaputra,5,2025-12-06 10:27:42,terimakasih aplikasi ini sangat membantu dan mudah digunakan dimana pun
dwi supraptiwi hadiutami,5,2025-12-06 10:26:49,keren fast respon terima kasih
agung cahyogi,5,2025-12-06 10:26:24,mantulll
Irma Indrayani,5,2025-12-06 10:24:02,good job
Adhye Chicozz,1,2025-12-06 10:22:10,"Sangat-sangat tidak berguna, seandainya ada penilaian bintang dibawah 1 itu sangat pantas"
Muhammad Kosim,5,2025-12-06 10:20:22,muuaannnnntap pokonya
Rachel 002,5,2025-12-06 10:18:42,APLIKASI INI SANGAT BAGUS PROSESNYA CEPAT MANTAP
R Adam,5,2025-12-06 10:17:19,terbaik
Asmelia Lua,5,2025-12-06 10:16:52,PLN mobile memudahkan untuk melakukan pembelian token karena adminnya murah bangettt. terimakasihhh PLN
Robinson Purba,5,2025-12-06 10:16:17,"petugasnya harap di kondisikan semua, apabila ada pemadaman listrik petugasnya agak lamban dalam penanganan nya."
vivi indriani,5,2025-12-06 10:12:50,PLN sukses menerangi negeri
Dea Alfera Rianty,5,2025-12-06 10:10:42,mantap segala jenis pelayanan di PLN semua ada di PLN Mobile
PERPAK BOCOR,5,2025-12-06 10:08:24,mantap petugas siap siaga Joss
Wowo Arbak,5,2025-12-06 10:08:08,Aplikasinya sangat membantu untuk swacam mandiri setiap bulan. banyak promo vocher juga. Terimakasih PLN.
Emi Faridah,5,2025-12-06 10:06:43,"tanggap laporan dari kendala masyarakat, terima kasih semoga pelayannnya semakin mudah dan cepat"
Veni Rahayu,5,2025-12-06 10:04:00,"pln mobile aplikasi yg sangat lengkap dengan fitur yang mudah dipahami, mantabğŸ‘ğŸ»ğŸ‘ğŸ»"
Roki Saputra,5,2025-12-06 10:02:32,"cepat ditangani oleh petugas, terimakasih pln"
Ilham Marziz,5,2025-12-06 10:00:22,pln mobile sangat mantap poll dan sangat membantu
Olga Olvianda,5,2025-12-06 09:58:06,Mempermudah masyarakat dlm transaksi pembayaran listrik.. terima kasih PLN mobile ğŸ‘
Aldian Aldian,5,2025-12-06 09:53:29,saya pakai pln mobile lebih mudah
Yaku DJ,5,2025-12-06 09:51:34,"Transaksi cepat, konsep penggunaan mudah dipahami, informasi produk jelas."
Syifa Salsabila,5,2025-12-06 09:50:45,bagus bisa beli listrik online
plts Treweng,5,2025-12-06 09:44:13,ok
tuti mildasari,4,2025-12-06 09:43:16,pelayanan lewat aplikasi PLN nya cepat.. terimaksih
Alfiani 2727,5,2025-12-06 09:43:12,saya sangat puas dengan layanan nya..petugasnya sangat sigap dalan menangani masalah meteran saya
Muhammad Zaini,5,2025-12-06 09:41:28,sangat membantu
Lussy Dhama susanti,5,2025-12-06 09:40:41,pelayanan bagus dan cepat apalagi dalam menangani gangguan listrik semoga kedepannya lebih baik lagi ğŸ‘ğŸ‘
Rudi Zamani,5,2025-12-06 09:39:12,"sangat bermanfaat, respon cepat dan saya berterima kasih atas pelayanan PLN."
Jamaliah Jamaliah,5,2025-12-06 09:37:02,pln mobile mudah digunakan dan sangat membantu ğŸ‘
ade oenye,5,2025-12-06 09:32:25,setiap laporan segera ditinjak lanjuti dengan pelayanan yang baik..
Siti Istikanah,5,2025-12-06 09:29:02,PLN Mobile memudahkna
Elizabet Budikasi,5,2025-12-06 09:26:07,Wow aplikasi yang sangat membantu ğŸ‘ğŸ‘ğŸ‘ğŸ‘ğŸ‘
Syaqila Armayama,5,2025-12-06 09:25:43,sangat membantu dalam proses pembelian dan pemvayaran tagihan listrik
Bambang Permadhie,5,2025-12-06 09:21:26,pelayanan mantap
Agus Subiyanto,5,2025-12-06 09:20:28,APLIKASI PLN MOBILE SANGAT EFISIEN DAN CEPAT SEKALI MEMBANTU SAYA DAN MASYARAKAT MENGENAI HAL KELISTRIKAN DAN PEMBAYARAN DI APLIKASINYA.
seryus dhafon,5,2025-12-06 09:19:25,pelayanan ULP teluk dalam sangat buruk dan memprihatinkan sekali warga dan menyisakan kami di area kec. matan dan pendesaan
Lery Moniaga,5,2025-12-06 09:17:22,ğŸ‘ğŸ¾
Septiana Ningsih16,1,2025-12-06 09:10:30,"RESPON LAMA , LAPORAN TIDAK DI TINDAKLANJUTI"
Nurin Q,5,2025-12-06 09:10:13,"Dulu kalau kau cek tagihan atau beli token harus keluar rumah, sekarang semua bisa dari PLN Mobile. sangat praktis, cepat, dan mudah digunakan. pengaduan juga ditangani dengan baik. Saya merasa terbantu sekali, aplikasi ini benar-benar solusi untuk pelanggan PLN.mantapp"
Almahyra Laviska,5,2025-12-06 09:08:48,mantap sekali
Simon Manek,5,2025-12-06 09:08:37,laynan dari pln sangat baik mudah dan cepat pln terbaik
Ellohayon Wolo,5,2025-12-06 09:06:40,aplikasi yang sangat membantu saya untuk melaporkan gangguan listirk
Sukmawati Karpelang,5,2025-12-06 09:02:50,sangat membantu kami pelanggan listrik
Roslina,5,2025-12-06 09:01:14,mempermudah transaksi
Adrianus Mau,5,2025-12-06 09:00:17,terima kasih pln mobile dengn aplikasi ini sangat membantu kami
jun arab,5,2025-12-06 08:59:45,"cepat respon, terimakasih sudah banyak membantu pelangganğŸ™"
abdul yusron,5,2025-12-06 08:58:42,"dimana saja mudah tanpa ribet, untuk lapor keluhan mudah karena aplikasinya keren kali"
Heny Watiek,5,2025-12-06 08:55:05,"Aplikasinya sangat membantu untuk mengetahui info pasang baru,tambah daya,beli token listrik dan bayar listrik"
Eva Ruwaidah Mulyati,5,2025-12-06 08:49:33,"Aplikasi yang sangat membantu sekali, mudah digunakan dan dapat di akses di mana saja. Thanks PLN Mobileee"
nur alfillah,5,2025-12-06 08:48:48,pln sangat sigap membantu
Indradewi Sukri,5,2025-12-06 08:46:31,"Alhamdulillah aplikasi Pln mobile banyak membantu urusan listrik. Bisa cek dan bayar tagihan juga bisa cek simulasi biaya penambahan daya listrik. Untuk prabayar bisa isi token 5 ribuan. Kalau ada gangguan listrik tinggal klik dan lapor aja, gak perlu ribet keluar rumah atau ke kantornya. Tampilannya juga bagus banget gak terlalu mencolok. Pokoknya membantu banget buat urusan listrik sehari hari. ğŸ‘ untuk Pln mobile."
Rizky Ananda,5,2025-12-06 08:45:56,awesome!
Muhammad Azka,5,2025-12-06 08:45:23,bagus dan menarik membantu
DEDI SASMITA,5,2025-12-06 08:42:22,pelayanan bagus
Galih Ridho,5,2025-12-06 08:39:44,ok
Nadila Ajahh,5,2025-12-06 08:35:02,pemasangan baru mudah dan mudah untuk saya membeli pulsa ğŸ‘ğŸ‘
Yayat Karung,5,2025-12-06 08:35:00,pln mobile mantap...ğŸ‘ğŸ‘ğŸ‘
Dim 06,5,2025-12-06 08:34:48,"terima kasih untuk pln ulp rajapolah atas penanganan nya,sangat baik dan respon cepat... ulp rajapolah the bestğŸ‘"
Yudo Sugara,5,2025-12-06 08:33:25,aplikasi PLN mobile fiturnya lengkap mudah digunakan sangat membantu
Adul Adul,5,2025-12-06 08:31:02,PLN mobile yes
Mas bro,5,2025-12-06 08:27:02,ğŸ‘ğŸ‘ğŸ‘
Hendra Yuyu,5,2025-12-06 08:26:09,aplikasi sangat membantu respon pengaduan cepat
Shinsetsu Hikari,5,2025-12-06 08:25:29,good luck
Muhamad Ramdani123,5,2025-12-06 08:21:04,"terimakasih ulp rajapolah., terimakasih jabar caang., sehat dan semangat selalu buat para petugas penyambungan ulp rajapolah., alhamdulillah listrikku sudah menyalağŸ™"
rina27 yhulia,5,2025-12-06 08:20:03,"Layanan di PLN Mobile benar-benar mempermudah banyak hal. Notifikasi jelas, transaksi selalu lancar, dan fitur-fiturnya lengkap. Sangat memuaskan untuk dipakai harian"
kabul jogem,5,2025-12-06 08:19:20,Mempermudah pelayanan
Isnari Oktafia,5,2025-12-06 08:19:11,Aplikasi PLN mobile mudah digunakan sangat membantu sayağŸ‘ğŸ»
Wiwin Winarni,5,2025-12-06 08:17:12,pln mobile sangat membantu dalam penangan gangguan
Papaanggieta Faridaathaya,5,2025-12-06 08:11:44,Dengan pln mobile lebih memudahkan untuk mengisi token dan lain2.ğŸ‘ğŸ»
Suriyadhy 094,5,2025-12-06 08:05:59,sangat bagus
Reza Syahputra,5,2025-12-06 08:05:49,Semoga ada promo menarik lagi untuk penukaran poin pln mobile nya ğŸ‘ğŸ»
Sulistianto,5,2025-12-06 07:59:30,Pelayanan cepat
Vaikal baihaki,5,2025-12-06 07:57:41,PLN TERBAIK
Dhoni,1,2025-12-06 07:57:05,"pelayan lama, petugas kaga ada yg dateng. pengaduan malah di batalkan"
Hafizah Al-machzumi,5,2025-12-06 07:56:39,apk ini sangat membantu trimakasih
Zulfan Azhar Elfaraz,5,2025-12-06 07:55:21,aplikasi terbaik...pelayanan capat akurat
Aqifah Adz tanaaz,5,2025-12-06 07:55:11,pelayanan cepat ..
Juman Zayn,5,2025-12-06 07:54:56,mantap
Bari Akbar,5,2025-12-06 07:51:37,pelayanan terbaik untuk negeri
Halim WLC,5,2025-12-06 07:51:24,Aplikasi ini sangat membantu dan mudah di akses.
Muhamad Arip,5,2025-12-06 07:50:43,pln mobile sangat membantu dalam pembayaran tagihan listrij
ressa dwi,5,2025-12-06 07:49:07,good
Suwari Suwaji,5,2025-12-06 07:38:31,"terimakasih, aplikasi ini sangat membantu dan cukup mudah digunakan"
irma novalia,5,2025-12-06 07:36:49,pelayanan baik
Febrian Duiputra,5,2025-12-06 07:31:16,aplikasi pln mobile fitur nya lengkap mudah di gunakan sangat membantu
Rofiq Wahyuda Khoirulloh,5,2025-12-06 07:28:13,mantap sekali
Restu Yoga saputra,5,2025-12-06 07:26:13,keren aplikasinya
Muhadi Raisya,5,2025-12-06 07:25:05,pln mobael memang mudah di kompirmasi sama masyarakat
Mustaqim,5,2025-12-06 07:24:46,terimakasih atas pelayananya PLN
Muhammad Yasin Arafat,5,2025-12-06 07:22:55,kami sangat puas dgn aplikasi ini
irdanelly djamal,5,2025-12-06 07:20:00,terbaekkk
M ali zainal Abidin,5,2025-12-06 07:19:48,aplikasi bagus & bermanfaat
Nofan Bagus,5,2025-12-06 07:19:46,rekomendasi
rialigiaa kh,5,2025-12-06 07:19:06,sangat baik
Aan Fuad,5,2025-12-06 07:18:55,jos
Febri Arianto,5,2025-12-06 07:15:26,aplikasi prektis
Irfan Zidni AS,4,2025-12-06 07:12:44,saya sarankan pihak PLN menggunakan QRIS dalam pembayaran untuk memudahkan masyarakat.
Nida Hafia,5,2025-12-06 07:09:14,pln Indonesia ok
Dadanmuhamad Ramdan,5,2025-12-06 07:08:25,"terimakasih ulp rajapolah., juga kepada penyambungan rajapolah. , sehat selalu buat para petugasnya., terimakasih juga jabar caang. listrikku sudah menyala"
Sri Budi,5,2025-12-06 07:06:05,sangat membantu sekali
Abdul Rahman,5,2025-12-06 07:04:32,"aplikasi bagus pemasangan kilo meter jadi mudah, kinerja bagusğŸ‘ğŸ‘ğŸ‘"
Saing Decha,5,2025-12-06 07:03:20,Terdapat info diskon dan tarif listrik
Dwi Purwati,5,2025-12-06 07:02:09,Swacem 23-30 kalau bisa ok!!!!!!
sirie doank,5,2025-12-06 06:59:55,mantap banget ğŸ™ğŸ™ğŸ™
andi achmad,5,2025-12-06 06:58:18,"terbantu sekali dengan aplikasi ini,,smoga kedepanya bisa berkembang terus"
Ifatul Afifah,5,2025-12-06 06:48:25,mantap keren
Unaisah Nisah,5,2025-12-06 06:48:17,mantap
danil anggara,5,2025-12-06 06:47:31,Hemat daya batre.
Ikah Atikah,5,2025-12-06 06:45:37,"alhamdulillah dengan adanya aplikasi pln mobile ini sangat terbantu sekali bisa buat pengaduan, tambah daya dan juga pasang baru."
Andi Nhurul Syifa,5,2025-12-06 06:41:00,Aplikasi PLN mobile ini sangat recommended dan bagus terdapat banyak fitur yang membantuğŸ‘
Heri Dwi Wahyuono,5,2025-12-06 06:34:36,Terima kasih pln
Wahyudi Gunantoro kusuma,5,2025-12-06 06:30:30,sangat membantu di urusan listrik. good joob
Heri Setiawan,5,2025-12-06 06:29:42,"dengan adanya aplikasi PLN mobile,,, saya pelanggan PLN makin mudah dalam mengakses pelayanan dari PLN !!! terima kasih"
Astin Bekhu,5,2025-12-06 06:27:18,Berlistrik semakin nyaman bersama PLN Mobile
Ruslan Uce,5,2025-12-06 06:25:03,bisa mengetahui pemakaian melalui catat meter mandiri
Samsuroso,5,2025-12-06 06:22:42,pengaduan sistem online lebih simple
Teguh Widodo,5,2025-12-06 06:21:29,kesenangan yg pembayaran PLN & bayar Token
Kukoh Subaktiar,1,2025-12-06 06:21:22,"saya main mobile legends dan tiba-tiba mati listrik dan bikin kalah,,"
Budi Lahama,5,2025-12-06 06:19:46,aplikasi ini memberikan kemudahan bagi pelanggan untuk mengakses layanan PLN dari mana saja dan kapan saja
Ainur Rofiqin,5,2025-12-06 06:17:42,Fitur-fitur nya sangat menarik dan mudah untuk digunakan serta pelayanan cepat dan mudah
bahkita c fernandes,5,2025-12-06 06:15:32,makin mudah adanya aplikasi pln mobile bisa melakukan pengaduan pasang baru bayar tagihan listrik pembelian token listrik
Muh. Faisal,5,2025-12-06 06:13:44,bisa mengetahui pemakaian melalui catat meter sendiri
liva maria,5,2025-12-06 06:13:11,terang dan energizer itulah Pln
Wempi Pristiandi,5,2025-12-06 06:11:32,thanks pelayanan ğŸ‘
Feni Bros,5,2025-12-06 06:09:26,sgt memudahkan dlm pembelian token listrik dan berhadiah pula
pees ku,5,2025-12-06 06:05:42,pln mobile mantap
Vivi Marlina,5,2025-12-06 06:05:38,PLN terbaik
Teguh setyaji,5,2025-12-06 06:03:29,dengan adnya aplikasi pln mobil pelayanan cepat dan mudah trimakasih
Rizal Channel,5,2025-12-06 06:01:50,"aplikasinya bagus, sangatmembantu proses pasang baru pun cepat, terimakasihpln sukses terusğŸ‘"
Muhammad Basri,5,2025-12-06 06:00:05,bisa mengetahui diskon dan tarif listrik
"Rafika Yanti Tambunan, SKM",5,2025-12-06 05:58:08,selalu membantu untuk pembayaran online.. terbaik
altaf nabil,5,2025-12-06 05:50:43,pln mobile sangat membantu Anda dalam hal kelistrikan dn lain lain
Nurlindah Indah,5,2025-12-06 05:46:11,sangat membantuğŸ‘
Rachmita Harahap,5,2025-12-06 05:42:18,Aplikasi yang sangat bermanfaat
Lisaaa17,5,2025-12-06 05:40:55,sangat membantu
Mister Fingker,5,2025-12-06 05:37:02,aplikasi mudah di gunakan respon cepat petugas lapangan sigap dan ramah
Humas Kantah Kota Jogja,5,2025-12-06 05:31:26,PLN terbaik dan semoga semakin maju
M Zaidan Maulana,5,2025-12-06 05:31:16,"sangat membantu,dan mempermudah pekerjaan,semoga makin sukses buat ke depannya PLN MOBILE ğŸ”¥ğŸ”¥"
Ikeu Rodiah,5,2025-12-06 05:31:14,"Alhamdulillah sangat terbantu sekali dengan adanya aplikasi PLN mobile ini bisa mempermudah pengaduan, tambah daya dan pasang baru"
Rojak Nahum,5,2025-12-06 05:30:56,dengan apk ini sangat bagus memudahkan kita teransaksi mengenai kelistrikan
INDRA PERMANA,5,2025-12-06 05:30:10,"Benar-benar solusi terintegrasi untuk semua kebutuhan listrik. Sejak ada aplikasi ini, saya tidak perlu repot lagi ke kantor atau loket pembayaran. Cek tagihan, bayar listrik (token/pasca), dan bahkan lapor gangguan jadi super cepat dan gampang. User Interface-nya bersih dan mudah dipahami. Pelayanan jadi jauh lebih baik dan transparan! Terima kasih PLN!"
Siem Rigo,5,2025-12-06 05:29:19,PLN mobile sangat puas melayani dan membantu masyarakat
Rudi Enci,5,2025-12-06 05:28:11,Dengan aplikasi pln mobile kita dapat dengan mudah mencek tagihan listrik maupin pembelian token listrik
Hariswan Pku,5,2025-12-06 05:23:36,aplikasi yg sangat membantu dan mudah di gunakan
Muhammad Faiqurrifki,5,2025-12-06 05:21:35,Dengan PLN mobile jadi semakin mudah melakukan proses PB PD.
Roy Abm channel,5,2025-12-06 05:21:01,"bagus PLN mobile bisa membantu untuk semua fitur yg d butuhkan,pembayaran,catat meter,dan tambah daya bagus sekali"
Sakti Bener,5,2025-12-06 05:19:33,bagus
BucekJez Apple,1,2025-12-06 05:19:24,"Aplikasi tidak lengkap, tidak ada riwayat tagihan bulanÂ² sesudahnya dan masih ada dirahasiakan tidak terbuka."
Amz Muhamad,5,2025-12-06 05:18:31,"Mempemudah pembelian token,dan transaksi lain nya,terimakasih telah membantu memperlancar prosesnya mantap jos"
Dasiman Agung,5,2025-12-06 05:15:02,dengan pln mobile memudahkan saya untuk membeli Token dll.
Pur Wanto,5,2025-12-06 05:09:15,masyarakat udah banyak yg tau tentang PLN MOBILE dan sangat membantu tentang masalah kelistrikan dan tindak tanduk tentang pelayanan PLN kepada masyarakat.semoga PLN tetap maju.
Ekro Emmen Agustinus Waluba,5,2025-12-06 05:08:56,aplikah ini mudah melapor ganguan listrik
wena dianita,5,2025-12-06 05:06:51,terimakasih atas penanganan petugas yang sigap dan cepat melayani
ASM,5,2025-12-06 05:04:50,semenjak ada pln mobil pasang baru rubah daya jdi mudah ğŸ™ğŸ™
Zainul ludin12,5,2025-12-06 05:03:24,Terimakasih Aplikasi ini sangat membantu dan bermanfaat bagi saya dan pelanggan yg lain . PLN mobile Top Terbaik ğŸ‘
Taling aja,5,2025-12-06 05:02:11,"aplikasi yg sangat membatu di bidang kelistrikan pln ,karena disi kita bisa laporan ganguan listik rumah pribadi atou pun ganguan aset milik pln seperti trapo yg putus sikring misalnya"
Nixon Kolo,5,2025-12-06 05:01:46,dengan adanya aplikasi Pln mobile sangat mempermudah tentang kelistrikan dapat membeli pulsa dan adminnya murah.
Nenny Nuraeni,5,2025-12-06 05:01:06,banyak menu yg bisa saya gunakan seperti pengajuan tambah daya dan pengaduan pun bisa cepat dilayani
Umar Hm,5,2025-12-06 05:00:39,Terbaik
Rosna Kolo,5,2025-12-06 04:57:38,"dengan adanya aplikasi Pln mobile benar benar mempermudah mengenai kelistrikan mulai dari cek tagihan, pasang baru dan perubahan daya"
Natalia sipahelut,5,2025-12-06 04:54:47,PLN mobile terbaik Aplikasi terbaik dan mudah untuk di gunakan sya bertransajsu untuk tambh daya lebih mudah
Lamongengu Lamongengu,5,2025-12-06 04:50:57,"PLN mobile sangat bagus memudahkan pembelian Token listrik, memudahkan pembayaran rekening listrik,dan memudahkan tarif daya serta pelayanan gangguan lebih cepat"
Devissalamor simondaud,5,2025-12-06 04:50:46,Aplikasi PLN MOBILE memang terbaik.. Bertransaksi Listrik lebih mudah di malam hari .. pengisian Token dll Terbaik PLN ku
Muhammad Sidiq,5,2025-12-06 04:49:13,sangat baik untuk menggunakan aplikasi ini bisa bayar listrik melalui PLN mobile
Piin Marpin,5,2025-12-06 04:48:50,PLN oke
Faris Adi Dharmawan,5,2025-12-06 04:46:07,sangat membantu
Antonius Noetef,5,2025-12-06 04:46:01,"aplikasi sangat bermanfaat, bisa beli token dan psang baru"
Irma Pebriani,5,2025-12-06 04:43:47,mantep
luluk aswiati,5,2025-12-06 04:42:00,pelayanan bagus dan cepat jika ada kendala. terimakasih
Martina Remba,5,2025-12-06 04:41:40,buat pengaduan listrik jadi semakin mudah dengan aplikasi PLN mobile.
Angki Sede,5,2025-12-06 04:40:45,aplikasi PLN mobile sangat membantu dalam proses gangguan listrik
Rengga Mben,5,2025-12-06 04:38:53,cepat dan ramah
Muhammad Ramdan,5,2025-12-06 04:38:10,sangat membantu dan nyaman untuk apk yang mantap
Juliana Agus,5,2025-12-06 04:37:08,mantapp..bisa untuk pembelian token listrik
Imam sobirinn,5,2025-12-06 04:35:21,josss gandosss
rahman sunda,5,2025-12-06 04:34:59,mantep jos ok
Ery Ardiyanto,5,2025-12-06 04:34:45,pln mobeil ok
Elsa RaheL,5,2025-12-06 04:33:49,Rensponsif. Dihubungi via aplikasi. langsung ditindak lanjuti di hari yang sama. Mantap.
Nur Aisiyah,5,2025-12-06 04:33:42,memuaskan
Irfan Ramadhan,5,2025-12-06 04:33:15,Oke
Agus Hary,5,2025-12-06 04:31:53,"Terimakasih, Pemasangan lancar dan di Carikan solusi terbaik"
UKUN,5,2025-12-06 04:29:42,"PLN mobile TOP,"
tanmizi tanmizi,5,2025-12-06 04:29:02,Terimah kasih PLN mobile telah membantu menjadi mudah
Agnis Sopa Paripurno,5,2025-12-06 04:28:25,utk responnya cpat. cm syang nya msh sering mati lampu tnpa ad pemberitahuan.
Randy Putra,5,2025-12-06 04:26:22,aplikasinya bagus sangat membantu dalam melaporkan keluhan kami..terimaksih
tedi styadi,5,2025-12-06 04:19:57,pln terbaik pelayanan bagus petugas nya ramah dan santuanâ™¡â™¡â™¡â™¡
Lana Hamm,5,2025-12-06 04:18:37,bermanfaat sekali
Ucil Nattu,5,2025-12-06 04:10:27,semua semakin mudah dengan pln mobileğŸ‘
Kadir 7,5,2025-12-06 04:10:11,terdapat info diskon dan tarif listrik
Slamet Widodo,5,2025-12-06 04:01:22,cepet TDK dipungut biaya apapun trimakasih
adiba munif,5,2025-12-06 04:00:11,terbaik
lusi nasesa,3,2025-12-06 03:59:06,kenapa penyambungan kwh baru punya orang tua saya kok belum kepasang kan sudah ada 2 minggu lebih.
Lukas Makanlehi,5,2025-12-06 03:57:40,aplikasi cocok bwat lapor gangguan listrik
Fadli,5,2025-12-06 03:56:32,Aplikasi ini sangat membantu dan mempermudah Pelanggan dalam pengaduan Pelanggan jadi mudah
Haerina Oktavilani,5,2025-12-06 03:52:47,terdapat info diskon dan tarif listrik
Azhura Azhahra,5,2025-12-06 03:50:13,"mudah,cepat pelayanannya"
Usman Kesi,5,2025-12-06 03:49:20,apk sangat bagus
Saepul Zenal,5,2025-12-06 03:48:52,bgus
Rosi Fadilla,5,2025-12-06 03:48:52,sangat bagus dan memudahkan pelanggan untuk lapor kalau ada kendala/gangguan
LD Rasmin,5,2025-12-06 03:46:52,aplikasi bgus melapor tidak perlu k kantor bisa melapor d rumah dengan menggunakan aplikasi pln mobile
Sri Wahyuni,5,2025-12-06 03:45:51,terima kasih dengan aplikasi ini sangat terbantu pak
dr.motor81,5,2025-12-06 03:45:42,sangat bagus
Ahmad Dati,5,2025-12-06 03:45:20,Aplikasi banyak gangguan nya ğŸ‘
Aisyah Shinta Balqis,5,2025-12-06 03:38:03,"PLN MOBILE sangat bagus memudahkan pembelian token listrik , memudahkan perubahan tarif daya , memudahkan pembayaran token listrik , serta pelayanan gangguan lebih cepat."
Gusti Permana Syahril,5,2025-12-06 03:37:21,pln mobile sangat membantu ğŸ‘ğŸ‘ğŸ‘ğŸ‘ğŸ‘
Novi Rahma,5,2025-12-06 03:36:37,baik dan respon cepat saat pelayanan
Bujang minang Minang,5,2025-12-06 03:33:09,mempermudah pembelian token dimana saja dan kapanpun bisa lapor gangguan menggunakan aplikasi ini
Petrus Mapada,5,2025-12-06 03:32:13,aplikasi sangat membantu sekali terutama kami yg jauh dari jangkauan kanfor pln
Kirana Larasati,5,2025-12-06 03:32:06,PLN semakin mudah. dan gampang buat laporan gangguan dan pasang baru
Adam Susanto,5,2025-12-06 03:31:22,sangat bagus
Lince Siagian,5,2025-12-06 03:23:54,plm mobile ini sangat mudah untuk laporan kami planggan
Janetha S,5,2025-12-06 03:20:42,jos
Haddad Alwi,5,2025-12-06 03:19:07,"sangat memudahkan ketika ada keluhan kelistrikan dan keperluan lain nya, terimakasih pln"
Faiz Faizalkhaliq,5,2025-12-06 03:18:23,"apk yg sangat membantu dan mempermudah masalah2 kelistrikan dari beli token,bayar tagihan bulanan dan masih banyak lagi tampilan dan menu2 lainnya ğŸ‘ğŸ‘ğŸ‘"
Gepeng Saputra,5,2025-12-06 03:17:58,terbaik ğŸ‘Œ
Ahmad Alfani,5,2025-12-06 03:17:35,josss
Bahar Baharuddin,5,2025-12-06 03:16:29,sangat baik untuk melakukan permohonan aplikasi nya mantap
Adi Sofiyan,5,2025-12-06 03:16:18,iztimewa jos aplikasinya
Onesius Kolo,5,2025-12-06 03:13:04,mantap aplikasi pln mobile ada pembayaran dan perubahan daya.
Neldis Binsasi,5,2025-12-06 03:11:01,pln terbaik dengan aplikasinya ada pembelian pulsa dan perubahan daya.
alimura Spd,5,2025-12-06 03:10:24,"aplikasi PLN mobile sangat membantu dalam urusan dengan PLN, di aplikasi ini kita bisa membuat aduan gangguan ketika ada masalah listrik di rumah dan respon petugasnya sangat cepat"
Putri Putri,5,2025-12-06 03:09:00,"PLN sangat membantu masyarakat dalam permasalahan listrik, baik pemasangan baru ataupun pembayaran"
Mahmudamahmuda 123,5,2025-12-06 03:06:51,sangat mudah untuk pelaporan gangguan listrik.
Anha Bakry,5,2025-12-06 03:06:26,bisa mengetahui pemakain melalui catat meter mandiri
Imam Syafi'i,5,2025-12-06 03:05:40,yes mantap
Doni Sandria,5,2025-12-06 03:04:12,Terimakasih PLN Mobile... semenjak menggunakan aplikasi ini saya jadi tidak merasa khawatir dengan gangguan ataupun keluhan terkait kelistrikan dirumah saya...
Amina Buamona,5,2025-12-06 03:03:50,Aplikasi PLN MOBILE dinilai positif dan mudah digunakan. Aplikasi ini sangat membantu sekali. Saya bisa membayar tagihan listrik dengan cepat dan mudah.
Nofi Arianto,5,2025-12-06 03:02:07,"Sangat membantu sekali , semua info PLN ada semua"
Mrs Martina dona,5,2025-12-06 03:01:03,"PLN mobile mempermudah kami, untuk melakukan pembelian token listrik."
Inung Style,5,2025-12-06 03:00:12,the best ğŸ‘ğŸ‘
Kurnia Sukmawati,5,2025-12-06 02:58:31,terimakasih pln mobil sangat luar biasa
Arinsyah ari,5,2025-12-06 02:58:05,pelayanan terbaik respon cepat
KJR16 SBY,5,2025-12-06 02:57:40,bagus sekali gaees ok
Afif maulana,5,2025-12-06 02:57:20,Mantao dan keren aplikasi PLN
Icha Renata37,5,2025-12-06 02:55:04,makin komplit aplikasinya saya suka saya suka sekali
Agus,5,2025-12-06 02:51:57,aplikasi sangat membantu untuk lapor gangguan listrik di rumah.
Mr. Nababan,5,2025-12-06 02:50:30,"terimakasih dengan hadir nya PLNmobile pengaduan pelanggan jadi mudah,PLN HEBATğŸ‘ğŸ‘ğŸ‘"
Nurul Mahmudah,5,2025-12-06 02:50:07,pelayanan maksimal ğŸ‘
Delvilaturua,5,2025-12-06 02:47:51,"dengan PLN mobile semua lebih mudah, dan pelayanan yang maksimal âš¡ğŸ”¥"
dede bengkel,5,2025-12-06 02:45:58,mantap
Herry Hidayat Hernowo,5,2025-12-06 02:43:56,Sangat mudah untuk kami sebagai planggan pln mobile...
MUHAMMAD ABDUH,5,2025-12-06 02:43:17,pln mantap cepat tanggap respon sangat cepat
Husnul Khatimah,5,2025-12-06 02:42:45,terdapat info diskon dan tarif listrik
Pur Wanto,5,2025-12-06 02:42:42,bagus
Alma Qianzi,5,2025-12-06 02:42:05,aplikasi pln mobile sangat membantu kami pelanggan.
Filomena Manur,5,2025-12-06 02:41:00,terima kasIh pln atas aplikasi yang varu kami donlop terima kasih juga para petugas yang datang mantap pln
Palette Music3,5,2025-12-06 02:37:38,"mudah, murah"
Chie Kila,5,2025-12-06 02:37:36,semoga lebih baik lagi
Melly,5,2025-12-06 02:31:42,PLN gercep.... apk ok
erycka Kristina,5,2025-12-06 02:31:07,"Aplikasi sangat membantu dlm pengaduan gangguan, dan semakin lengkap fiturnya. Luar biasa PLN ğŸ”¥ğŸ”¥ğŸ”¥"
Alif Surya Pratama,5,2025-12-06 02:30:44,TOP MARKOTOP
Labkoli megi,5,2025-12-06 02:30:18,Trimakasih banyak PLN atas pelayanannya bagi kami masyarakat
Nathan Ake,5,2025-12-06 02:27:54,sangat membantu SkaliğŸ‘
Yantek6 Rumbai,5,2025-12-06 02:24:16,aplikasi ini sangat memudahkan bagi pengguna listrik pln
Sudirman Dirman,5,2025-12-06 02:22:41,Aplikasinya MANTAP bisa Melapor Lampu Mati dll
Merista Ghunu,5,2025-12-06 02:20:28,aplikasinya sangat recommended banget deh dalam pengaduan listrik secara online
Subagyo Hari Purnomo,4,2025-12-06 02:15:00,"agak lambat penanganan perbaikan jaringannya, tp tuntas dan tanpa biaya."
Yulis Mekarjaya10,5,2025-12-06 02:14:19,cepat utk penanganannya
Aji Gendruwo,5,2025-12-06 02:13:58,"udah bagus sih sayang nggak bisa top up saldo, jadi nggak bisa buat usaha, pembayaran tagihan harus pakai pihak ke tiga dan kena admin, harusnya bisa top up saldo dan pembayaran langsung dari aplikasi ini tanpa biaya admin, mohon untuk di kembangkan lagi"
Agus,5,2025-12-06 02:13:45,"pagi yang cerah,selamat pagi plnğŸ’ªğŸ½"
Tri Kusuma,5,2025-12-06 02:11:35,bagus banget banget banget banget ğŸ¤©ğŸ¤©ğŸ¤©ğŸ¥³
Zulkifly Abbas,5,2025-12-06 02:11:18,memudahkan untuk mengetahui biaya
Hasrul Haswandi,5,2025-12-06 02:11:08,pelayanan responnya cepat â­â­â­â­â­
Aila,5,2025-12-06 02:00:50,PLN mobil terbaik
Van Nia,5,2025-12-06 01:58:18,PLN Mobile laporan jadi mudah
Noer Taznoer,5,2025-12-06 01:56:34,"Luar biasa, Aplikasi PLN Mobile semakin keren saja semua makin mudah bisa transaksi pembayaran tagihan listrik, beli token ğŸ˜ğŸ˜ğŸ˜"
Fransiska Dosinaen,5,2025-12-06 01:56:30,semua kelistrikan makin mudah menggunakan app PLN mobile sekarang
Bubam Ber,5,2025-12-06 01:52:48,"aplikasi plng mobile banyak kegunaan nya,bisa bayar tagihan listrik,pasang baru,perubahan daya dan pengaduan gangguan listrik.terimah kasih plng."
Wayan Okta,5,2025-12-06 01:49:52,"makasi PLN, karna ada aplikasi PLN Mobile bisa gampang kalo mau tambah daya, pasang baru , selain itu bs bayar listrik juga dan beli pulsa listrik. ğŸ™ğŸ™ smoga makin jaya ya PLN"
taufan moslem,5,2025-12-06 01:49:10,Aplikasi yang memudahkan sekali
Zahra Nur,5,2025-12-06 01:48:06,"penanganan cepat, terimakasih untuk petugas/kru PLN"
Deden Hungkul,5,2025-12-06 01:47:13,pelayanan sangat memuaskan dan cepat tanggap..
Bojez Cakep,5,2025-12-06 01:42:59,terdapat info diskon dan tarif
Nafidhatul Ulum islami,5,2025-12-06 01:37:38,"Aplikasi ini sangat membantu saya, disaat pas lagi banyak kegiatan"
Zahir El,5,2025-12-06 01:36:23,Terima kasih dgn adanya aplikasi ini kami sebagai pelanggan sangat terbantu dgn pembelian token cek tagihan tambah daya pasang baru pengaduan gangguan dan pelayanan lainnya
Rini Darsita,5,2025-12-06 01:33:48,pakai aplikasi layanan lebih cepat tanggapan
Horiime Inoue,5,2025-12-06 01:31:53,tambah daya bisa di PLN mobile dan bayar listrik makin mudah
Aryadhi,5,2025-12-06 01:25:03,"Saya sebayar listrik dan transaksi pake aplikasi PLN Mobile, sangat membantu dan juga membeli token dipermudahğŸ‘ŒğŸ‘Œ"
Heru Manu,5,2025-12-06 01:23:12,"Memudahkan kita sebagai pelanggan PLN untuk buat pengaduan dikala ada gangguan kelistrikan dan menu live chat di PLN Mobile juga keren, fast respon cso nya. Mantap PLN"
ni putu septiarini,5,2025-12-06 01:22:37,makin lengkap fiturnya ya
dex anggi,5,2025-12-06 01:22:33,"banyak promonya, semakin mudah pantau lapor gangguan"
PRASETYO S.B.,5,2025-12-06 01:22:32,sangat bagus dan membantu sekali
Citra Lasmini Dps,5,2025-12-06 01:22:21,semua makin mudah dgn aplikasi pln mobile untuk keluhan listrik
Mazroatul Rizqy,5,2025-12-06 01:20:31,baik dalam pelayanan
Wais,5,2025-12-06 01:19:28,tengkiu
Reza,5,2025-12-06 01:17:59,baik dan cepat
Yuyu Nugraha,5,2025-12-06 01:12:52,jadi lebih mudah melakukan pembelian token dan pembayaran rekening listrik melalui aplikasi PLN mobile ğŸ‘ğŸ‘ dan dan banyak promo menarik loooooohğŸ¤ğŸ’œğŸ¤ cakep bgt deh pokoknya..keren loh
Nadia Arifani,5,2025-12-06 01:10:20,bagus
PuntiMita,5,2025-12-06 01:08:47,Sangat membantu sekaliâš¡
Chintya Dewi,5,2025-12-06 01:08:35,Selalu pakai PLN Mobile kalau beli Token simple sat set sat set ğŸ˜‰
Wisma Dana,5,2025-12-06 01:05:21,"Aplikasinya sangat membantu, fitur2 nya juga lengkap dan mudah dipahami. Banyak event dan promo juga, mantap aplikasinya âœ¨"
Rahmawati Halifah,5,2025-12-06 01:03:33,aplikasinya sangat bagus bisa bayar listrik yg terpenting bisa membuat pengaduan tanpa repot ke kantor
Paman Dulex,5,2025-12-06 01:02:58,fitur fitur aplikasinya bagus dan terbarui sangat mudah di gunakan dan aman dan nyamanğŸ‘
Istianah Indah wahyuni,5,2025-12-06 01:01:40,lapor gangguan listrik jadi lebih mudah lewat aplikasi ini
Rafid Uter,5,2025-12-06 01:01:38,Pln mobile terbaikk dan sangat mem permudahkan pelanggan buat melakukan transaksinyağŸ‘
Ayu Evi,5,2025-12-06 01:00:06,semakin mudah dalam 1 genggaman..thx u pln mobile ğŸ˜
Ertus Ndau,5,2025-12-06 00:56:28,terimakasih PLN mobile. aplikasinya bagus sekali dan sangat berguna bagi kami sebagai pelanggan setia pln
Emma Wijayanti,5,2025-12-06 00:55:01,sangat membantu
Laksmi Ekaningtyas,5,2025-12-06 00:51:10,Mudah2an nanti dapat hadiah kalau rutin melakukan swacam di PLN mobile karena lagi ada promo Gelegar Swacam. Jangan lupa lapor pada tgl 23-27 setiap bulanğŸ˜
deasy flip,5,2025-12-06 00:51:04,"pln mobile sekarang lengkap banget, sudah ada chat langsung ama csnya.. ğŸ‘ğŸ‘ğŸ‘ğŸ‘ğŸ‘ğŸ‘"
Ferdin Raga,5,2025-12-06 00:45:13,terbaik
tami amerta,5,2025-12-06 00:38:08,"semakin bnyk fitur yg memudahkan di PLN Mobile, dan kmren tambah daya dapet promo plus dapet voucher listrik jugakğŸ˜ğŸ˜"
Made Juniarta,5,2025-12-06 00:36:21,"Bayar Rek listrik, Beli Token Listrik semua ada di PLN MOBILE ğŸ’¡âš¡"
Su Beno,5,2025-12-06 00:32:38,BAGUS BAGUS....
Eka Astari,5,2025-12-06 00:31:26,"Beli token mudah, lapor gangguan juga mudah. Thank PLN Mobile keren, bestğŸ‘"
Putra Bali,5,2025-12-06 00:26:17,"Banyak fitur di PLN Mobile apalagi promo promonya seperti tambah daya,sangat membantu"
Abimanyu Disky Romeo,5,2025-12-06 00:24:49,"Mantap, APK Keren banget"
Tri atmo Sugihartono,5,2025-12-06 00:12:17,"tolong cantumkan juga tarif dasar listrik untuk masing"" daya di aplikasi PLN mobile. trimakasih."
Zakki Muhammad zakki,5,2025-12-06 00:08:10,pln mobile ğŸ‘ğŸ‘ğŸ‘
Nur Ambar,5,2025-12-06 00:07:00,mudah mengatasi gangguan
vivi dwi,5,2025-12-06 00:04:29,"kalau ada trouble selalu pengaduan lewat pln mobile, pelayanan baguss, fast respon... masalah langsung ditangani"
Arlan,5,2025-12-05 23:57:37,aplikasinya membantu memudahkan pelanggan untuk mendapatkan layanan kelistrikan dengan cepat.
Ficky Mahendra,5,2025-12-05 23:52:17,apk mempermudah masyarakat ğŸ‘ğŸ‘
Fatur Rohman,5,2025-12-05 23:51:01,PLN TopğŸ‘ğŸ‘ğŸ‘
Mikol Pkl,5,2025-12-05 23:46:35,PLN mobile anti ribet boss asli â­â­â­â­â­
purnaman sosmed,5,2025-12-05 23:44:08,sangat membantu
hinarti kesmas,5,2025-12-05 23:35:43,Pln bagus mudah di pahami penggunaannta
Defy Lolaroh,5,2025-12-05 23:31:18,ğŸ‘ğŸ‘
Jamal Udin,5,2025-12-05 23:28:30,pln mantap poll
Indra Setiawan,4,2025-12-05 23:20:09,sulit untuk daftar plts on grid di online
Mbak Kaliboto,5,2025-12-05 23:11:26,pelayanan sangat membantu
Baya Fahrul,5,2025-12-05 23:01:11,PLN mobile sangat mudah... dlm ganggu an listrik
Shale Hoddin,5,2025-12-05 22:32:39,"Akses cepat, mudah dan layanan lengkap"
Ade Naya,5,2025-12-05 21:05:57,"PLN MOBILE seperti dewa penolong, aplik lengkap, mudah, dan cepat diakses"
Eka Agustiningsih,5,2025-12-05 19:57:47,sudah nyala dan ramah cepat
Anak Jalanan,5,2025-12-05 19:23:45,pelayanan memuaskan
Ahmadun Tapin,5,2025-12-05 18:45:25,"Luar biasa reaponnya cepat sekali, Terimakasih PLN"
muhammad Raditya,1,2025-12-05 17:58:59,beli token listrik dari siang ga masuk nomer token nya sedangkan uang sudah kepotong di mbanking dan status di mbanking berhasil top up token listrik tapi ga masuk2 nomer tokennya sampai malam hari.ğŸ‘
sukis wanto,5,2025-12-05 17:41:11,sangat bagus dalam reaksi pembenahan dan perbaikan ğŸ‘ğŸ‘ğŸ‘
Rohma Tin,1,2025-12-05 17:22:26,"pelayanan lama liatrik padam nggak nyala""dari jam 4 sampai larut malam udah gitu laporan di batalin cs sampai jam set 1 belum nyala juga"
Nadya Ayu,1,2025-12-05 17:16:50,"dua kali isi lewat aplikasi hasilnya gak sesuai harapan , saldo terpotong tapi transaksi gagal dan customer service nya lambat , komplain sampai 3 kali jawabannya sama saja token saya sampai mati total penanganan lambat jawaban tidak memuaskan tidak ada kepastian disuruh nunggu terus"
M Rizki Dermawan,5,2025-12-05 16:26:31,terimakasih aplikasi pln mobile yg sangat akurat dan mudah di pelajari serta banyak fiturÂ² sprti pembelian token listrik dan lain sbginya. terimakasih.
Bimo Laksono,5,2025-12-05 16:13:32,respond cepat dan tanggap pada pelayananğŸ‘ğŸ™
anton nugroho Sopian santoso,5,2025-12-05 16:10:31,lebih mudah dlm penyampaian keluhan prihal masalah kelistrikan.
Muhammad Taufik,5,2025-12-05 16:04:29,aplikasi ini bisa untuk daftar baru nggak?
Jtl Express Bawean,5,2025-12-05 15:58:30,Pelayanan sangat bagus dan memuaskan Pln bawean mantap
Suliah Namang,5,2025-12-05 15:55:36,dengan aplikasi PLN mobile mempermudah laporan gangguan kwh terimakasih pln
Aril japan,5,2025-12-05 15:55:15,"harap sediakan fitur tracking petugas, sehingga pelanggan tahu info petugas masih sedang mengatasi gangguan dimana. atau sediakan fitur info antrian, sehingga pelanggan tahu sedang di antrian ke berapa dan petugas masih mengatasi d antrian k brp. utk petugas, ramah, kompeten, gercep ketika ditelpon lagi karena tiba2 ada permasalahan lanjutan. semoga sehat2 semangat, karna di musim hujan pasti lebih banyak komplain. live chat aplikasi terimakasih bantuan info dan kontak 123 pusat terimakasih jg"
Rachmawati Hamid,5,2025-12-05 15:03:12,Terima kasih PLN Mobile layanannya berkwaalitas dapat promo menariknya bervariasi. the best dechâœŒï¸
Kartika Candra,5,2025-12-05 15:00:49,pelayanan cepat tanggap mantap
Sang Prabawa Agung,5,2025-12-05 14:59:44,top
Dwiky Darmawan,5,2025-12-05 14:33:57,semoga cepat di layani
Hasimhasbullah Hasbullah,5,2025-12-05 14:31:58,sangat membantu
Cepnuh Tya,5,2025-12-05 14:23:01,sangat membantu saya lupa id langsung gercep di kasih info id saya
Wes Skarep,5,2025-12-05 14:15:43,pln jos
Eko Nanda,5,2025-12-05 14:04:15,"aplikasinya sangat membantu, lancar dan fitur lengkap"
Indiyah Fajarwati,5,2025-12-05 14:00:09,PLN mobile memudahkan dalam bertransaksi dan banyak hadiahnya
Khairul Mizan,5,2025-12-05 13:55:47,mantap jiwa PLN
nurdiansyah ardhy,5,2025-12-05 13:52:35,"mantap,,,apk nya smakin praktis,,sangat memudahkan kita sebagai pelanggan dalam melaporkan kendalaÂ² tentang klistrikan & respon cepat,,ğŸ‘ğŸ‘ğŸ‘ğŸ‘"
Syahrah Rahayu,5,2025-12-05 13:45:39,"sejak ada aplikasi ini, sangat memudahkan saya salah satunya adalah pengaduan masalah listrik."
Zakia Maulidia,5,2025-12-05 13:42:48,"respon cepat, sangat puas pelayanannya"
Abut Jr,5,2025-12-05 13:42:15,sangat membantu
Maulana Yusup,5,2025-12-05 13:39:52,terimakasih kepada petugas / pelayanan pln saya selaku pelanggan merespond dgn baik terkait adanya aplikasi plm mobile mempermudah pelaporan gangguan kelistrikan serta proses pasang baru atau tambah daya.
sarlit sari,5,2025-12-05 13:37:53,cepat responnya dan dikerjakan langsung dan petugas nya ramah
Indri Yani,5,2025-12-05 13:37:45,PLN mobile ini benar-benar menjadi solusi ketika ada masalah kelistrikan dan fitur-fiturnya semakin lengkap.
Mujib Mubarok,5,2025-12-05 13:35:50,Laporan ganguan bisa d tracking.
Saniman Saniman,5,2025-12-05 13:30:15,PLN terbaik respon cepat
Yoga Gaming,5,2025-12-05 13:29:39,"semenjak kenal PLN mobile bayar listrik tidak perlu ke warung , terimaksih PLN mobile"
jolla montjai,5,2025-12-05 13:21:41,aplikasi yang sangat membantu dalam kebutuhan listrik
karyono Alif,5,2025-12-05 13:21:41,PLN mobile sangat membantu proses. Masyarakat yg membutuhkan bantuan PLN......
Erak Era,5,2025-12-05 13:21:08,Apikasi yang sangat Mudah digunakan dan Membantu saya memantau penggunaan listrik dengan lebih efektif
Purwaningsih Soetarmin,5,2025-12-05 13:17:25,Sangat membantu
Nurul Istiqomah,5,2025-12-05 13:17:14,Aplikasi membantu dalam pembayaran listrik. adminnya lebih murah
Dendi,5,2025-12-05 13:16:10,mantap PLN mobile
MARTIAS MART,5,2025-12-05 13:10:26,"mudah dan cepat, sangat membantu"
Tasya Denita,5,2025-12-05 13:09:34,"Beli token listrik, bayar tagihan, melakukan pengaduan, mengajukan pasang baru dan tambah daya dengan mudah melalui PLN Mobile!"
Alfais Tamailang,5,2025-12-05 13:06:50,sangat bagus
raden iklil,5,2025-12-05 13:06:50,mantap
Miko Jatmiko,5,2025-12-05 13:05:48,"aplikasi mudah digunakan, pelayanan handal, terpercaya, petugas ramah berkompeten"
eko alfinadia,5,2025-12-05 13:04:40,trima kasih
Simon Snoe,5,2025-12-05 13:03:00,Terimakasih atas pelayanan petugas pemasangan yang selalu Ramah dalam melayani
Febi Sintia,5,2025-12-05 13:02:38,"Aplikasi PLN Mobile sangat membantu! Bayar tagihan dan beli token jadi praktis tanpa perlu keluar rumah. Fitur ListriQu dan SPKLU-nya juga keren.Good job, PLN, terus tingkatkan ya!"""
Dhani Ican,5,2025-12-05 13:00:49,terima kasih penanganan cepatnya
Rudi Hartono chanel,5,2025-12-05 13:00:19,sangat bagus aplikasi PLN. mobile trimakasih PLN . memudahkan segalanya
mimy mimy,5,2025-12-05 12:51:54,"bagus fast respon, comel secomel comelnya, patut diapresiasi"
sutio tio,5,2025-12-05 12:48:58,trimakasih pelayanan sangat bagus
Rindiana,5,2025-12-05 12:42:27,aplikasi untuk mempermudah transaksi kelistrikan
Fahrul Takiya,5,2025-12-05 12:42:15,"aplikasinya mantap, responya cepat sekali"
Mobil B Ulp sidareja,5,2025-12-05 12:42:06,Pelayanan elekticity handal mudah terpercaya dan kompeten
Sati Lara,5,2025-12-05 12:41:09,"Terimakasih PLN Mobile, kerjanya gercep sekali, tidak sampai 20 menit masalah terselesaikan, pelayanannya benar-benar cepat.. Mantap PLN Mobile"
Leny Channel,5,2025-12-05 12:40:36,aplikasi yang memudahkan kami dalam membeli token listrik dengan harga yang lebih murah.
Fatih Irfan,5,2025-12-05 12:37:41,Pelayanan cepat dan mensolusikan. semoga kedepannya lebih baik lagi
Riris Istiqomah,5,2025-12-05 12:34:44,sangat membantu
Bryan Pradika,1,2025-12-05 12:31:56,mbulet
iim nirwana,5,2025-12-05 12:28:08,dengan ada nya aplikasi pln mobil dapat membantu pengaduan masalah listrik.
Muhammad Fauzi,5,2025-12-05 12:27:22,"Solusi terbaik untuk kebutuhan listrik di rumah, mulai dari pengaduan pelanggan , perubahan daya, pasang baru dan bisa untuk pengecekan pemakaian listrik di rumah"
Ika Wiji Purwandari,5,2025-12-05 12:26:02,"sangat membantu, aduan ditindaklanjuti dengan cepat ğŸ™"
yaedi hatami,5,2025-12-05 12:22:51,pln booth nya serius. okee banget . banyak hadiah dan hiburan . pokok nya PLN kereen abissss.
Awaludin SPd,5,2025-12-05 12:22:20,satu aplikasi utk semua. mantap.
albertus gunawan,5,2025-12-05 12:22:01,"KLO ad tagihan non gak bisa dibayar jdi menyulitkan pengajuan atau menggunakan aplikasi,jdi tetap kekantor pusat"
Cak NDan,5,2025-12-05 12:18:50,pelayanan cepat
Billy Son,5,2025-12-05 12:14:08,fast respon ğŸ‘ğŸ‘
Beactris Sidobo,5,2025-12-05 12:13:41,terbaik & sangat membantu
Akbar Tanjung,4,2025-12-05 12:12:04,slow respon
Yusuf Salafy,1,2025-12-05 12:08:50,"saya tinggal di ULP SIDAREJA CILACAP, kalo mengadukan keluhan listrik padam, sekarang2 diaplikasi suka ada laporan bohong. terlapor status ""padam meluas"" padahal tidak. bahkan tidak ada petugas yang memperbaiki."
Erwan Pramono,5,2025-12-05 12:05:28,penangan cepat
Doli Sinaga,5,2025-12-05 12:04:36,"aplikasi ini sangat bagus dan berguna di pakai byr listrik,belanja dan lain2"
Fendy Alhabsy,5,2025-12-05 12:04:05,sangat membantu dan cepat tangap
manusia biasa,5,2025-12-05 12:02:25,"cepat,tanggap,mantap."
Siti Aminah,5,2025-12-05 12:02:22,pln memuaskan
Roby Panca,5,2025-12-05 12:01:15,aplikasi sangat membantu mantap deh PLN....
Radi Eman,5,2025-12-05 11:58:47,"pokoke planggan kaya saya dengan adany aplikasi ini sangat senang dn mmbantu sekali karna mau hujan mau panas siang atau mlm aplikasi ini sangat berguna, khususny dlm hal kelistrikan"
Riki Maenaki,5,2025-12-05 11:57:50,Aplikasinya sangat membantu.pelayanan cepat. Terima kasih bantuannya
Udon Spike,5,2025-12-05 11:57:13,"Dengan adanya Aplikasi PLN Mobile Sangat membantu bgi saya dan keluarga saya, laporan gangguan,proses pasang baru dan pembayaran tagihan listrik.Trimakasih PLN Mobile"
Nurul Huda,5,2025-12-05 11:52:21,proses pelayanan lebih respect...mantap..plng tambah jaya
Degzara Cantik,5,2025-12-05 11:51:42,cepat dan murah
Anis â€œFauzanâ€ salamah,5,2025-12-05 11:51:34,sejauh ini masih bagus
Siregar Taupiq,5,2025-12-05 11:44:32,penangan gangguan seperti ketika MCB di dekat meteran terbakar sangat mudah munggukan aplikasinya dan cepat respon
Bata Merah,1,2025-12-05 11:37:36,aplikasi bermanfaat. tapi entah mana yg salah. setiap hari padam dan respon petugas jawabannya membingungkan. contoh saya tinggal di kota A. tapi alasan padam dari kota B. dan petugas dr kota A tidak ada akses ke kota B. sedangkan laporan di larikan ke kota B
Shinehell Screenprinting,5,2025-12-05 11:36:57,"pelayanan mantap, fast respon"
Syahrizal Djawa,5,2025-12-05 11:34:30,"PLN Mobile banyak manfaat dan cocok buat semua kalangan, mudah dan aman untuk bertransaksi"
Ani Anisar,5,2025-12-05 11:34:15,sangat membantu
Risna Apriliani,5,2025-12-05 11:27:38,"aplikasi ini sangat membantu dalam mengurus kebutuhan listrik, tanpa harus datang ke kantor PLN. semua urusan listrik jadi lebih cepat dan praktis terimakasih pln mobile!"
Ainul Mardiah,5,2025-12-05 11:27:20,"Aplikasi PLN mobile ini salah satunya membantu saya untuk membeli token listrik prabayar, pernah mengajukan aduan mati listrik di kompleks krn pohon tumbang dan langsung ditindak lanjuti, aplikasi bagus."
perdi pernanda,5,2025-12-05 11:24:58,aplikasi membantu dan memudahkan untuk permohonan balik nama secara online
Rika Damayanti Rika Damayanti,5,2025-12-05 11:13:02,Dengan adanya fitur perubahan daya saya sudah sangat mudah untuk menambah daya listrik di rumah saya
fitria agustina,5,2025-12-05 11:02:37,pelayanan sangat baik aplikasi ini sangat cepat respon terimakasih pln ulp rajapolah
Ketut Rai,5,2025-12-05 11:01:34,aplikasi mudah digunakan
Ketut Sumerta,5,2025-12-05 10:57:50,aplikasinya sangat praktis
baihaqi muhammad,5,2025-12-05 10:57:38,pln mobile sangat membantu
Rega Candra,5,2025-12-05 10:54:38,PLN mobile mantep
Hardi Markoto,5,2025-12-05 10:50:44,lebih mudah dan cepat
GGT Crew,5,2025-12-05 10:49:19,saya sangat puas dengan layanan pln mobile dan dapat di atasi secra cepat
Indah Sukmawati,5,2025-12-05 10:47:52,"aplikasi ini sangat membantu dalam masalah kelistrikan pelayanan cepat,, dan mudah di gunakan"
Kang Sarjio,5,2025-12-05 10:44:54,semakin mudah dan lancar aplikasinya semakin cepat layanannya semakin puas jg ulasan aplikasinya ğŸ˜
hantu laut,5,2025-12-05 10:41:54,pertahankan terus yg terbaik..semoga titiik2 spklu ditmbah diberbagai lokasi
Arman,5,2025-12-05 10:41:18,memberikan informasi yang jelas dan dapat di mengerti oleh pelanggan
Budyarto 71,5,2025-12-05 10:30:24,apk yg sgt banyak membantu masyarakat utk segala komplain ttg listrik. mudah digunakan dn user friendly. tq PLN mobile!!
Ari Supriatna,5,2025-12-05 10:29:20,pengerjaan anggota rajapolah.. pelayanan sangat baik petugas ramah..ulp rajapolah mantap
fendy kids,5,2025-12-05 10:29:20,"aplikasi simple, mudah digunakan, PLN dalam genggaman, terimakasih pln lapor gangguan jadi lebih mudah."
Lusilawati Lawati,5,2025-12-05 10:27:29,"bayar listrik makin mudah stelah ada PLN Mobil lebih,, trimakasih PLN atas pasilitasnya"
Windi Nugraha,5,2025-12-05 10:26:43,Fitur aplikasinya bertambah banyak dan ini dapat mempermudah pelanggan untuk bertransaksi di pln mobile.
Riyan Putra,5,2025-12-05 10:26:07,PLN mobile sangat membantu untuk kebutuhan membayar tagihan listrik.semoga sukses selalu PLN mobile
iksan dekil,5,2025-12-05 10:23:23,ok
Kadek puspita,5,2025-12-05 10:23:06,"PLN Mobile menyediakan berbagai fitur yang lengkap, mulai dari pembelian token, pembayaran tagihan, hingga informasi mengenai SPKLU"
Dio Aryann,5,2025-12-05 10:22:57,"keren banget ,gwendeng gwendeng gwendeng"
Citra rahayu putri Citra,5,2025-12-05 10:22:39,aplikasi keren
dita sari,5,2025-12-05 10:20:58,tetap pakai pln mobile kalo transaksi beli pulsa..
VJ Rah,5,2025-12-05 10:18:43,"aplikasi pln mobile sangat bagus, dapat digunakan 24 jam dan banyak fitur yg sangat membantu baik dari pelaporan gangguan maupun tagihan listrik ğŸ‘..."
Ariantara Putra,5,2025-12-05 10:18:12,termudah
Frans Tito Ambata,5,2025-12-05 10:16:50,ngebantu banget min makasihğŸ˜­ğŸ™
NB Nurjayanti,4,2025-12-05 10:14:07,kadang tidak update informasi dari aplikasinya
Kie Fatrian,5,2025-12-05 10:11:31,sangat memudahkan untuk beli token dan bayar tagihan listrik
Ubay Dillah,2,2025-12-05 10:10:10,apknya gajelas mau pengaduan lewat pindai dari google map trus pas ngisi prov dll ga bisa
Juli Narti,5,2025-12-05 10:06:39,pelayanan pln mobile mantap dan cepat
Anjar Lestari Yuliani,5,2025-12-05 10:00:33,keren bisa top up token
Icaliana Mbu,5,2025-12-05 10:00:24,Buat pengaduan listrik jadi lebih muda dengan aplikasi PLN mobile
M.EFFENDI P HRP,5,2025-12-05 09:59:31,isi pulsa disini biaya admnya kecil dan dapat point juga bagus sekali
Nuha Aee,5,2025-12-05 09:57:56,pln sesuai kinerja.
akhyar Maulana,5,2025-12-05 09:50:22,"aplikasi PLN mobile sangat mudah digunakan, bisa untuk pembelian token dan tagihan listrik"
Agustian Maulana,5,2025-12-05 09:48:42,pelayanan cepat dan mudah
Anwar,5,2025-12-05 09:45:54,Sangat membantu memudahkan. dan pelayanan sangat ramah sekali
AHMAD ISMAIL,5,2025-12-05 09:45:11,oke
Rian Dzikriansyah,5,2025-12-05 09:44:20,Pln Mobile terbaik
Jilder Fina,5,2025-12-05 09:43:24,aplikasi PLN mobile sangat mudah di gunakan dan pelayanan nya mudah dan cepat
Erwin Aldino,5,2025-12-05 09:41:08,sangat membantu
Achmad Daviq,5,2025-12-05 09:40:05,"aplikasi pln mobile mempermudah transaksi, bisa pembelian token dengan mudah"
Manja Danova Putri,5,2025-12-05 09:39:15,aplikasi PLN Mobile sangat membantu sekali untuk membuat laporan gangguan dan pemadaman listrik dan pembayaran listrik bulanan
Eka Putrabimantara,5,2025-12-05 09:38:51,"aplikasi PLN mobile,adalah aplikasi serba guna,bisa unt mbantu dlm semua keluahan tentang listrik,dan jg ada bonus2 seperti discon naik daya dsb nya,terima kasih buat aplikasi ini,semoga semakin berjaya..ğŸ‘"
Iz Andar,5,2025-12-05 09:36:44,terima kasih
Nurahmad Suparmanto,5,2025-12-05 09:36:05,terima kasih pelayanan cepat
Ujang Suryana,5,2025-12-05 09:35:09,"Dengan adanya aplikasi pln mobile saya sangat senang, karena banyak fitur bisa tambah daya bisa pasangbaru bisa meli token pulsa,, terimakasih pln indonesia sudah membuat aplikasi pln mobile ini"
Budi Budisuryanto,5,2025-12-05 09:33:35,aplikasi yang sangat membantu kami dalam melpor ganguan listrik
Lyla,5,2025-12-05 09:33:28,sangat membantu
Muhamad Zikrulloh,5,2025-12-05 09:33:13,aplikasi yg sangat berguna utk penguna kendaraan.listrik
Heru,5,2025-12-05 09:32:46,Banyak Pilihan menu disini. PLN Jaya PLN Mantap Ser Ser.
Mayendri Saputra,5,2025-12-05 09:32:24,Pln mobile sangat membantu saya dalam mengisi token dirumah
Maldi Saputra,5,2025-12-05 09:32:20,aplikasi ini sangat membantu saya dalam penyambungan baru kwh meterğŸ‘
Arief Kurniawan,5,2025-12-05 09:31:47,alhamdulillah jd mudah tuk pengaduan
Riski sanjaya,5,2025-12-05 09:31:29,"sekarang kalau ada gangguan listrik, tidak perlu repot repot ke PLN lagi. tinggal buat pengaduan di pln mobile lebih cepat ditanggapi"
Tulus Sitompul,5,2025-12-05 09:29:35,Pln terbaik sangat membantu dalam pelayanan ke listrikan
inggrit haumeni,5,2025-12-05 09:28:23,apk pln mobile sangat bermanfaat bagi pel listrik
Huda Nurul,5,2025-12-05 09:27:01,jos
Yusdedi Irawan,5,2025-12-05 09:26:27,mantap
yoga pratama,5,2025-12-05 09:24:58,mantap pelayanan cepat dan makin mudah dengan ada aplikasi mobile
solih,5,2025-12-05 09:24:51,bayar listrik diaplikadi ini murah baget dan cepat
Dian asri,5,2025-12-05 09:24:33,"Aplikasi pln mobile sangat bagus dan mempermudah dalam pembelian token, pengaduan, dan download detail tagihan listrik. Apalagi kemaren info terkait promo sangat update, jdi bisa tau lebih cepat dan melakukan proses tambah daya saat promo berlangsung."
Sastro,5,2025-12-05 09:24:20,"Aplikasi ini sangat membantu , beli token mudah dan biaya administrasi murah ğŸ‘terimakasih PLNğŸ™,"
Siti Nurhayati,5,2025-12-05 09:21:43,aplikasi sangat memudahkan pelanggan listrik PLN..
Yulens Ully,5,2025-12-05 09:21:10,"Gampang dan Cepat dalam melakukan transaksi dan pengaduan,Menggunakan APLIKASI PLN MOBILE."
Ian Ully,5,2025-12-05 09:19:50,semua makin Muda PLN keren
IDA AYU,5,2025-12-05 09:19:26,PLN semakin Jaya dan anti padam padamğŸ¥°
Rosmala Indah,5,2025-12-05 09:17:20,mempermudah kami dalam pelayanan pln
Muhtar Jamal,5,2025-12-05 09:17:01,Aplikasinya sangatlah membantu untuk tau besaran tagihan lewat catat meter mandiri (swacam).
GABI SATU,5,2025-12-05 09:15:12,Terimakasih PLN dengan adanya aplikasi ini bisa mempermudah tambah daya dan tau besaran biayanya.
Choirul Anwar,5,2025-12-05 09:14:13,terima kasih pelayanan sangat baik
Syavina Azhaat,5,2025-12-05 09:11:07,"haduuh gmna siih,saya beli token 50rb saldo terpotong tapi transaksi gagal,tolong di tingkatkan lagi dong!!!!!!!!!!!!!!"
Akhfi Mahardhika,5,2025-12-05 09:09:55,pln mobile sangat membantu
Annas Cahya,5,2025-12-05 09:09:22,aplikasi yang sangat baik
Icaa,5,2025-12-05 09:08:48,bagus aplikasinya sangat membantu
Ilman Yustika,5,2025-12-05 09:06:22,Dg adanya pln mobile memudahkan saya untuk membeli token
Rosmawati 1999,5,2025-12-05 09:06:19,aplikasi PLN mobile solusi jitu untuk kelistrikan pelanggan pln
Cewang Ce,5,2025-12-05 09:04:28,Sangat Bermanfaat
Edison Sarumpaet,5,2025-12-05 09:03:30,"Aplikasi ini sangat mudah diakses, serta aplikasi ini juga sangat membantu dalam pembelian token"
Andrian,5,2025-12-05 09:03:16,fitur PLN mobile makin mantaab... dan petugasnya ramah dan sigap.ğŸ¥°ğŸ¥°ğŸ¥°ğŸ¥°ğŸ˜ğŸ˜Good job
Fransisko Soba,5,2025-12-05 09:02:53,"aplikasi ini, pelayanan kelistrikan kepada masyarakat sangat bagus dan cepat"
samsul jumali,5,2025-12-05 09:00:51,PLN MANTAP
SEBRIYAN,5,2025-12-05 09:00:01,"PLN Mobile memberikan semua kemudahan layanan PLN dalam genggaman. ""PLN Mobile sangat praktis dan efisien"
Una,5,2025-12-05 08:57:29,apknya okk
Rian Rian,5,2025-12-05 08:57:14,"PLN mobile mudah digunakan. beli token bisa lewat aplikasi, laporan gangguan cukup dr aplikasi gak perlu datang kekantor pln Rayon. pelayanan cepat dan mudah."
Ahmad Wahyudi,5,2025-12-05 08:55:05,aplikasi nya sangat membantu untuk pembayaran dan pengaduan cpet direspon mantaplah pokoknya
ninja dua,5,2025-12-05 08:54:56,mantap jiwa
Doni dea,5,2025-12-05 08:53:01,bagus nih bnyak menu pilihan
Umi Masanti,5,2025-12-05 08:47:37,terima kasih
Muhammad Rafaalimansah,5,2025-12-05 08:47:20,APLIKASI NYA SANGT MUDA DAN PELAYANAN NYA SANGAT BAIK DAN SANGAT CEPAT
